{"sections":{"slideshow_YMxw6p":{"type":"slideshow","blocks":{"slide_PEMUGP":{"type":"slide","settings":{"image":"shopify:\/\/shop_images\/987830b9-f4f4-423d-98ee-14255ff38026.webp","heading":"","heading_size":"h1","subheading":"","button_label":"","link":"","button_style_secondary":false,"box_align":"middle-center","show_text_box":true,"text_alignment":"center","image_overlay_opacity":0,"color_scheme":"","text_alignment_mobile":"center"}},"slide_DTpVJt":{"type":"slide","settings":{"image":"shopify:\/\/shop_images\/987830b9-f4f4-423d-98ee-14255ff38026.webp","heading":"","heading_size":"h1","subheading":"","button_label":"","link":"","button_style_secondary":false,"box_align":"middle-center","show_text_box":true,"text_alignment":"center","image_overlay_opacity":0,"color_scheme":"","text_alignment_mobile":"center"}}},"block_order":["slide_PEMUGP","slide_DTpVJt"],"custom_css":[".slideshow__controls.slider-buttons.no-js-hidden.slideshow__controls--border-radius-mobile {margin-top: -100px;}"],"settings":{"layout":"grid","slide_height":"small","slider_visual":"dots","auto_rotate":false,"change_slides_speed":5,"image_behavior":"none","show_text_below":false,"accessibility_info":"Slideshow about our brand"}},"slideshow_XtDybd":{"type":"slideshow","blocks":{"slide_CR7J4k":{"type":"slide","settings":{"image":"shopify:\/\/shop_images\/58a3b32a-99a1-4384-8f78-32db03badb16.webp","heading":"","heading_size":"h1","subheading":"","button_label":"","link":"","button_style_secondary":false,"box_align":"middle-center","show_text_box":false,"text_alignment":"center","image_overlay_opacity":0,"color_scheme":"","text_alignment_mobile":"center"}},"slide_4mK3Bp":{"type":"slide","settings":{"image":"shopify:\/\/shop_images\/05.all-units-600x211.jpg","heading":"","heading_size":"h1","subheading":"","button_label":"","link":"","button_style_secondary":false,"box_align":"middle-center","show_text_box":false,"text_alignment":"center","image_overlay_opacity":0,"color_scheme":"","text_alignment_mobile":"center"}}},"block_order":["slide_CR7J4k","slide_4mK3Bp"],"custom_css":[],"settings":{"layout":"grid","slide_height":"medium","slider_visual":"dots","auto_rotate":false,"change_slides_speed":5,"image_behavior":"none","show_text_below":true,"accessibility_info":""}},"multicolumn_it3rwJ":{"type":"multicolumn","blocks":{"column_gQPh8J":{"type":"column","settings":{"title":"Livining","text":"","link_label":"Shop Now","link":"#"}},"column_6grd7z":{"type":"column","settings":{"title":"Dining","text":"","link_label":"Shop Now","link":"shopify:\/\/collections\/dining"}},"column_WtDmqJ":{"type":"column","settings":{"title":"BED","text":"","link_label":"Shop Now","link":"shopify:\/\/collections\/bedroom"}}},"block_order":["column_gQPh8J","column_6grd7z","column_WtDmqJ"],"settings":{"title":"SHOP BY","heading_size":"h1","image_width":"full","image_ratio":"adapt","columns_desktop":3,"column_alignment":"left","background_style":"none","button_label":"","button_link":"","color_scheme":"","columns_mobile":"1","swipe_on_mobile":false,"padding_top":36,"padding_bottom":36}},"product_slider_qKyngV":{"type":"product-slider","blocks":{"card_8CxnTY":{"type":"card","settings":{"product_item":"11-piece-patio-lounge-set-with-cushions-gray-poly-rattan"}},"card_XxjcUw":{"type":"card","settings":{"product_item":"130cm-led-entertainment-unit-in-white-gloss"}},"card_TrWPrw":{"type":"card","settings":{"product_item":"47-x-47-x-30-black-glass-iron-dining-table"}},"card_ht9itH":{"type":"card","settings":{"product_item":"2-seater-sofa-bed-black-velvet"}},"card_43m3Vk":{"type":"card","settings":{"product_item":"66-x-81-5-x-50-5-white-4pc-queen-bedroom-set"}}},"block_order":["card_8CxnTY","card_XxjcUw","card_TrWPrw","card_ht9itH","card_43m3Vk"],"custom_css":[".dawn-product-slider img {height: 300px;}","@media screen and (max-width: 479px) {.dawn-product-slider img {height: 150px; width: 150px; }}"],"settings":{"navigation_amount":3,"navigation_color":"","title":"Best Selling"}},"featured_collection_PRKCRc":{"type":"featured-collection","settings":{"title":"Featured Products","heading_size":"h1","description":"","show_description":false,"description_style":"body","collection":"featured-products","products_to_show":8,"columns_desktop":4,"full_width":false,"show_view_all":true,"view_all_style":"solid","enable_desktop_slider":true,"color_scheme":"","image_ratio":"adapt","image_shape":"default","show_secondary_image":false,"show_vendor":false,"show_rating":false,"enable_quick_add":false,"columns_mobile":"2","swipe_on_mobile":true,"padding_top":36,"padding_bottom":36}},"featured_collection_9B8kX7":{"type":"featured-collection","settings":{"title":"Living Room","heading_size":"h1","description":"","show_description":false,"description_style":"body","collection":"living-room","products_to_show":8,"columns_desktop":4,"full_width":false,"show_view_all":true,"view_all_style":"solid","enable_desktop_slider":false,"color_scheme":"","image_ratio":"adapt","image_shape":"default","show_secondary_image":false,"show_vendor":false,"show_rating":false,"enable_quick_add":false,"columns_mobile":"2","swipe_on_mobile":true,"padding_top":36,"padding_bottom":36}},"featured_collection_xtqmgb":{"type":"featured-collection","settings":{"title":"Bedroom","heading_size":"h1","description":"","show_description":false,"description_style":"body","collection":"bedroom-space","products_to_show":8,"columns_desktop":4,"full_width":false,"show_view_all":true,"view_all_style":"solid","enable_desktop_slider":false,"color_scheme":"","image_ratio":"adapt","image_shape":"default","show_secondary_image":false,"show_vendor":false,"show_rating":false,"enable_quick_add":false,"columns_mobile":"2","swipe_on_mobile":false,"padding_top":36,"padding_bottom":36}},"featured_collection_tftPia":{"type":"featured-collection","settings":{"title":"Office","heading_size":"h1","description":"","show_description":false,"description_style":"body","collection":"home-office","products_to_show":8,"columns_desktop":4,"full_width":false,"show_view_all":true,"view_all_style":"solid","enable_desktop_slider":true,"color_scheme":"","image_ratio":"adapt","image_shape":"default","show_secondary_image":false,"show_vendor":false,"show_rating":false,"enable_quick_add":false,"columns_mobile":"2","swipe_on_mobile":true,"padding_top":36,"padding_bottom":36}},"featured_collection_3YeYqX":{"type":"featured-collection","settings":{"title":"Outdoor","heading_size":"h1","description":"","show_description":false,"description_style":"body","collection":"outdoor-living","products_to_show":8,"columns_desktop":4,"full_width":false,"show_view_all":true,"view_all_style":"solid","enable_desktop_slider":true,"color_scheme":"","image_ratio":"adapt","image_shape":"default","show_secondary_image":false,"show_vendor":false,"show_rating":false,"enable_quick_add":false,"columns_mobile":"2","swipe_on_mobile":true,"padding_top":36,"padding_bottom":36}},"image_gallery_XJYiPt":{"type":"image-gallery","blocks":{"image_iTapa7":{"type":"image","settings":{"title":"","image":"shopify:\/\/shop_images\/01.sofas-600x211.jpg","link":"shopify:\/\/collections\/lounges-sofas","text":"Sofas"}},"image_NxNc4C":{"type":"image","settings":{"title":"","image":"shopify:\/\/shop_images\/02.dining-600x211.jpg","link":"shopify:\/\/collections\/dining","text":"Dining"}},"image_qWPkbj":{"type":"image","settings":{"title":"","image":"shopify:\/\/shop_images\/03.Bedroom-600x211.jpg","link":"shopify:\/\/collections\/bedroom","text":"Bedroom"}},"image_YKVa4C":{"type":"image","settings":{"title":"","image":"shopify:\/\/shop_images\/04.coffee-table-600x211.jpg","link":"shopify:\/\/collections\/coffee-tables","text":"Coffee Tables"}},"image_3eDUqW":{"type":"image","settings":{"title":"","image":"shopify:\/\/shop_images\/05.all-units-600x211.jpg","link":"#","text":"All units"}},"image_EN8jxk":{"type":"image","settings":{"title":"","image":"shopify:\/\/shop_images\/06.chairs-600x211.jpg","link":"#","text":"Chairs"}},"image_yQqdzb":{"type":"image","settings":{"title":"","image":"shopify:\/\/shop_images\/07.lighting-600x211.jpg","link":"shopify:\/\/collections\/lighting","text":"Lighting"}},"image_Hna8Ek":{"type":"image","settings":{"title":"","image":"shopify:\/\/shop_images\/08.accessories-600x211.jpg","link":"shopify:\/\/collections\/outdoor-accessories","text":"Accessories"}},"image_LFy3Ke":{"type":"image","settings":{"title":"","image":"shopify:\/\/shop_images\/09.mirrors-600x211.jpg","link":"#","text":"Mirrors"}}},"block_order":["image_iTapa7","image_NxNc4C","image_qWPkbj","image_YKVa4C","image_3eDUqW","image_EN8jxk","image_yQqdzb","image_Hna8Ek","image_LFy3Ke"],"custom_css":[".custom-image-gallery {gap: 1px; padding-bottom: 20px; padding-top: 20px;}","@media screen and (min-width: 750px) {.overlay {font-weight: 600; letter-spacing: 0.1em; font-size: 25px; text-align: center; font-family: Poppins, sans-serif; }}","@media screen and (max-width: 749px) {.custom-image-gallery {margin-right: -50px; } .overlay {font-weight: 900; letter-spacing: 0.1em; font-size: 10px; text-align: center; font-family: Poppins, sans-serif; }}"],"settings":{"heading":"Our Product"}},"feature_slider_JxiRC8":{"type":"Feature-slider","settings":{"collection_main":"living","collection_limit":50,"bg":"","title":"Featured Collection Slider","img_width":100,"cell_align":"center","title_mb":48,"cell_width":"25%","wrap_around":"true","mr":0}},"coustom_image_gallery_Ltmhrm":{"type":"coustom-image-gallery","blocks":{"image_BbmGMm":{"type":"image","settings":{"title":"","image":"shopify:\/\/shop_images\/BedRoom_58ae03f1-cd9b-460e-ae08-d749e6ef1aed.jpg","link":"","text":"Your Text Here","title1":"Text Here"}},"image_LwUX73":{"type":"image","settings":{"title":"","image":"shopify:\/\/shop_images\/Dining.01-MefaMenu-424x346.jpg","link":"","text":"Your Text Here","title1":"Text Here"}}},"block_order":["image_BbmGMm","image_LwUX73"],"custom_css":[],"settings":{"heading":"Our Gallery"}}},"order":["slideshow_YMxw6p","slideshow_XtDybd","multicolumn_it3rwJ","product_slider_qKyngV","featured_collection_PRKCRc","featured_collection_9B8kX7","featured_collection_xtqmgb","featured_collection_tftPia","featured_collection_3YeYqX","image_gallery_XJYiPt","feature_slider_JxiRC8","coustom_image_gallery_Ltmhrm"]}