{"sections":{"main":{"type":"main-product","blocks":{"vendor":{"type":"text","settings":{"text":"{{ product.vendor }}","text_style":"uppercase"}},"title":{"type":"title","settings":{}},"price":{"type":"price","settings":{}},"variant_picker":{"type":"variant_picker","settings":{"picker_type":"button"}},"quantity_selector":{"type":"quantity_selector","settings":{}},"buy_buttons":{"type":"buy_buttons","settings":{"show_dynamic_checkout":true,"show_gift_card_recipient":true}},"description":{"type":"description","settings":{}},"collapsible-row-0":{"type":"collapsible_tab","settings":{"heading":"Description","icon":"leather","content":"","page":""}},"collapsible-row-1":{"type":"collapsible_tab","settings":{"heading":"Shipping  ","icon":"truck","content":"","page":""}},"collapsible-row-2":{"type":"collapsible_tab","settings":{"heading":"Delivery & Returns","icon":"ruler","content":"","page":""}},"collapsible-row-3":{"type":"collapsible_tab","settings":{"heading":"Why Buy From Us","icon":"heart","content":"","page":""}},"collapsible_tab_WtRhBN":{"type":"collapsible_tab","settings":{"heading":"Buyer Protection ","icon":"eye","content":"","page":""}}},"block_order":["vendor","title","price","variant_picker","quantity_selector","buy_buttons","description","collapsible-row-0","collapsible-row-1","collapsible-row-2","collapsible-row-3","collapsible_tab_WtRhBN"],"custom_css":[".product__info-wrapper .button-add-remove-wishlist {border: solid; border-width: 1px; border-radius: 45px;}","@media screen and (min-width: 750px) {.button--full-width {width: 440px; }}","button.shopify-payment-button__button.shopify-payment-button__button--unbranded {border-radius: 45px;}",".button--secondary:after {border-radius: 45px;}"],"settings":{"enable_sticky_info":true,"media_size":"medium","constrain_to_viewport":true,"media_fit":"contain","gallery_layout":"stacked","media_position":"left","image_zoom":"lightbox","mobile_thumbnails":"hide","hide_variants":true,"enable_video_looping":false,"padding_top":36,"padding_bottom":12}},"related-products":{"type":"related-products","settings":{"heading":"You may also like","heading_size":"h2","products_to_show":4,"columns_desktop":4,"color_scheme":"scheme-1","image_ratio":"square","image_shape":"default","show_secondary_image":true,"show_vendor":false,"show_rating":false,"columns_mobile":"2","padding_top":36,"padding_bottom":28}}},"order":["main","related-products"]}