{"name":"t:sections.footer.name","type":"footer","sections":{"footer":{"type":"footer","blocks":{"link_list_rptzfw":{"type":"link_list","settings":{"heading":"Quick links","menu":"footer-1-desktop"}},"link_list_3a9Ckh":{"type":"link_list","settings":{"heading":"Quick links","menu":"footer-2-desktop"}},"link_list_LLLxxU":{"type":"link_list","settings":{"heading":"Quick links","menu":"footer"}}},"block_order":["link_list_rptzfw","link_list_3a9Ckh","link_list_LLLxxU"],"custom_css":[],"settings":{"color_scheme":"inverse","newsletter_enable":true,"newsletter_heading":"Subscribe to our emails","enable_follow_on_shop":true,"show_social":true,"enable_country_selector":true,"enable_language_selector":true,"payment_enable":true,"show_policy":false,"margin_top":0,"padding_top":36,"padding_bottom":36}}},"order":["footer"]}