{"name":"t:sections.header.name","type":"header","sections":{"announcement-bar":{"type":"announcement-bar","blocks":{"announcement_6Ekdja":{"type":"announcement","settings":{"text":"Welcome to our store","link":""}}},"block_order":["announcement_6Ekdja"],"settings":{"color_scheme":"","show_line_separator":true,"show_social":false,"auto_rotate":false,"change_slides_speed":5,"enable_country_selector":false,"enable_language_selector":false}},"header":{"type":"header","blocks":{"menu_tcTDjR":{"type":"menu","settings":{"title":"Living","linklist":"living","caption_1":"","link_1":"","caption_2":"","link_2":"","caption_3":"","link_3":"","caption_4":"","link_4":"","caption_5":"","link_5":"","caption_6":"","link_6":"","caption_7":"","link_7":"","caption_8":"","link_8":"","collection_grid_font_size":"17px","collection_grid_font_style":"400","hero_image":"shopify:\/\/shop_images\/Living-MegaMenu-932x506.jpg"}},"menu_JCR3HA":{"type":"menu","settings":{"title":"Dining","linklist":"dining","image_1":"shopify:\/\/shop_images\/Dining.01-MefaMenu-424x346.jpg","caption_1":"","link_1":"","image_2":"shopify:\/\/shop_images\/Dining.02-MefaMenu-424x346.jpg","caption_2":"","link_2":"","image_3":"shopify:\/\/shop_images\/Dining.03-MefaMenu-424x346.jpg","caption_3":"","link_3":"","caption_4":"","link_4":"","caption_5":"","link_5":"","caption_6":"","link_6":"","caption_7":"","link_7":"","caption_8":"","link_8":"","collection_grid_font_size":"17px","collection_grid_font_style":"400"}},"menu_XwYbmc":{"type":"menu","settings":{"title":"Bedroom","linklist":"bedroom","image_1":"shopify:\/\/shop_images\/BedRoom.01-MegaMenu-424x346.jpg","caption_1":"","link_1":"","image_2":"shopify:\/\/shop_images\/BedRoom.02-MegaMenu-424x346.jpg","caption_2":"","link_2":"","image_3":"shopify:\/\/shop_images\/BedRoom.03-MegaMenu-424x346.jpg","caption_3":"","link_3":"","caption_4":"","link_4":"","caption_5":"","link_5":"","caption_6":"","link_6":"","caption_7":"","link_7":"","caption_8":"","link_8":"","collection_grid_font_size":"17px","collection_grid_font_style":"400"}},"menu_FHkmR3":{"type":"menu","settings":{"title":"Home Decor","linklist":"home-decor","image_1":"shopify:\/\/shop_images\/HomeDecor.01-MegaMenu-lighting.jpg","caption_1":"","link_1":"","image_2":"shopify:\/\/shop_images\/HomeDecor.02-MegaMenu-Rugs.jpg","caption_2":"","link_2":"","image_3":"shopify:\/\/shop_images\/HomeDecor.03-MegaMenu-BookCase.jpg","caption_3":"","link_3":"","caption_4":"","link_4":"","caption_5":"","link_5":"","caption_6":"","link_6":"","caption_7":"","link_7":"","caption_8":"","link_8":"","collection_grid_font_size":"17px","collection_grid_font_style":"400"}},"menu_wdTYEA":{"type":"menu","settings":{"title":"Outdoor","linklist":"outdoor","image_1":"shopify:\/\/shop_images\/Outdoor.01-MegaMenu-9-dining-set.jpg","caption_1":"","link_1":"","image_2":"shopify:\/\/shop_images\/Outdoor.02-MegaMenu-outdoor-balcony-suite.jpg","caption_2":"","link_2":"","image_3":"shopify:\/\/shop_images\/Outdoor.03-MegaMenu-noosa-black-outdoor-lounge-ottoman.jpg","caption_3":"","link_3":"","caption_4":"","link_4":"","caption_5":"","link_5":"","caption_6":"","link_6":"","caption_7":"","link_7":"","caption_8":"","link_8":"","collection_grid_font_size":"17px","collection_grid_font_style":"400"}},"menu_DyW9cQ":{"type":"menu","settings":{"title":"Outdoor Accessories","linklist":"outdoor-accessories","image_1":"shopify:\/\/shop_images\/OutdoorAccess.01-MegaMenu.jpg","caption_1":"","link_1":"","image_2":"shopify:\/\/shop_images\/OutdoorAccess.02-MegaMenu-bar-setting.jpg","caption_2":"","link_2":"","image_3":"shopify:\/\/shop_images\/OutdoorAccess.03-MegaMenu-sun-lounge.jpg","caption_3":"","link_3":"","caption_4":"","link_4":"","caption_5":"","link_5":"","caption_6":"","link_6":"","caption_7":"","link_7":"","caption_8":"","link_8":"","collection_grid_font_size":"17px","collection_grid_font_style":"400"}},"menu_M7gAk8":{"type":"menu","settings":{"title":"Office & Storage","linklist":"office-storage","image_1":"shopify:\/\/shop_images\/OfficeStorage.01-MegaMenu.jpg","caption_1":"","link_1":"","image_2":"shopify:\/\/shop_images\/OfficeStorage.02-MegaMenu.jpg","caption_2":"","link_2":"","image_3":"shopify:\/\/shop_images\/OfficeStorage.03-MegaMenu.jpg","caption_3":"","link_3":"","caption_4":"","link_4":"","caption_5":"","link_5":"","caption_6":"","link_6":"","caption_7":"","link_7":"","caption_8":"","link_8":"","collection_grid_font_size":"17px","collection_grid_font_style":"400"}}},"block_order":["menu_tcTDjR","menu_JCR3HA","menu_XwYbmc","menu_FHkmR3","menu_wdTYEA","menu_DyW9cQ","menu_M7gAk8"],"custom_css":[".mega-menu-wrapper h3 {display: none;}",".mega-menu-wrapper {margin-top: 35px; height: auto; overflow: hidden;}",".image-grid {grid-template-columns: repeat(3, 1fr);}","@media (max-width: 749px) {.header__heading-link .h2 {margin-left: -170px; } .header__icon span {margin-left: -50px; }}"],"settings":{"logo_position":"top-left","menu":"main-menu","menu_type_desktop":"dropdown","sticky_header_type":"always","show_line_separator":true,"color_scheme":"inverse","menu_color_scheme":"","enable_country_selector":false,"enable_language_selector":false,"mobile_logo_position":"center","margin_bottom":0,"padding_top":20,"padding_bottom":0}}},"order":["announcement-bar","header"]}